[{"id":"1","climateServiceName":"2-D-Variable-Map","purpose":"This service generates a map of a 2-dimensional variable with time averaging and spatial subsetting.  Select a data source (model or observation), a variable name, a time range, and a spatial range (lat-lon box) below.","url":"twoDimMap.html","scenario":"12","version":"1","rootservice":"2","photo":"http://einstein.sv.cmu.edu:9002/static/twoDimMap/6879a2eedd1910f4c45e6213d342e066/nasa_modis_clt_200401_200412_Annual.jpeg"},{"id":"2","climateServiceName":"2-D-Variable-Zonal-Mean","purpose":"This service generates a graph of a 2-dimensional variable's zonal mean with time averaing.  Select a data source (model or observation), a variable name, and a time range below.","url":"twoDimZonalMean.html","scenario":"13","version":"1","rootservice":"2","photo":"http://einstein.sv.cmu.edu:9002/static/twoDimZonalMean/65778f88e3e057738423aa7183f5ee54/nasa_modis_clt_200401_200412_Annual.jpeg"},{"id":"3","climateServiceName":"2-D-Variable-Time-Series","purpose":"This service generates a graph of a 2-dimensional variable's time series with monthly averaged values.  Select a data source (model or observation), a variable name, a time range, and a spatial range below.","url":"twoDimTimeSeries.html","scenario":"1","version":"1","rootservice":"103","photo":"/assets/images/TimeSeriesPlot.jpeg"},{"id":"4","climateServiceName":"3-D-Variable-2-D-Slice","purpose":"This service generates a slice map of a 3-dimensional variable at a selected pressure level.  Select a data source, a variable name, a time range, a spatial range, and a pressure level below.","url":"twoDimSlice3D.html","scenario":"1","version":"1","rootservice":"2","photo":"http://einstein.sv.cmu.edu:9002/static/twoDimSlice3D/ba6b08d54048d9c8349185d2606d3638/nasa_airs_ta_200401_200412_Annual.jpeg"},{"id":"5","climateServiceName":"3-D-Variable-Zonal-Mean","purpose":"This service generates a contour plot of zonal-mean vertical profiles of a 3-dimensional variable.  Select a data source, a variable name, a time range, and a pressure range below.","url":"threeDimZonalMean.html","scenario":"2","version":"1","rootservice":"105","photo":"http://einstein.sv.cmu.edu:9002/static/threeDimZonalMean/e4e120045d2bb589eed371e1ca08fd99/nasa_airs_ta_200401_200412_Annual.jpeg"},{"id":"6","climateServiceName":"3-D-Variable-Average-Vertical-Profile","purpose":"This service generates the average of a three-dimensional variable over a specified region and time and display the average as a function of pressure level as an X-Y plot. ","url":"threeDimVarVertical.html","scenario":"1","version":"1","rootservice":"11","photo":"/assets/images/3DVerticalProfile.jpeg"},{"id":"7","climateServiceName":"Scatter-and-Histogram-Plot-of-Two-Variables","purpose":"This service generates a scatter plot between two specified variables and the histograms of the two variables, and calculates the correlation of the two variables.Edit","url":"scatterPlot2Vars.html","scenario":"12","version":"1","rootservice":"29","photo":"/assets/images/ScatterPlot.png"},{"id":"8","climateServiceName":"Difference-Plot-of-Two-Time-Averaged-Variables","purpose":"This service calculates the differences between two specified variables and displays the lat-lon maps of the two variables and their differences.","url":"diffPlot2Vars.html","scenario":"12","version":"1","rootservice":"232","photo":"/assets/images/DifferencePlot.png"},{"id":"9","climateServiceName":"Conditional-Sampling-with-One-Variable","purpose":"This service sorts one variable by the values of another variable (environmental condition, e.g. SST) and displays the averaged value of the first variable as a function of the bin value of the second variable.","url":"conditionalSampling.html","scenario":"1","version":"1","rootservice":"26","photo":"/assets/images/ConditionalSampling1Variable.jpeg"},{"id":"10","climateServiceName":"Conditional-Sampling-with-Two-Variables","purpose":"This service sorts one variable called sampled variable by the\nvalues of two variables called sampling variables and displays the\naveraged value of the sampled variable in color as a function of the\nbin value of the two sampling variables in X-Y axis.","url":"conditionalSampling2Var.html","scenario":"1","version":"1","rootservice":"2","photo":"/assets/images/conditionalSampling2Variables.jpeg"},{"id":"11","climateServiceName":"Time-Lagged-Correlation-Map-of-Two-Variables","purpose":"This service generates a time-lagged correlation map between two specified variables.","url":"correlationMap.html","scenario":"1","version":"1","rootservice":"2","photo":"/assets/images/correlationMap.png"},{"id":"12","climateServiceName":"Regrid-and-Download","purpose":"This service regrids a variable from a dataset according to the lat/lon/plev specified by the user, and mades the regridded data downloadable by the user.","url":"regridAndDownload.html","scenario":"1","version":"1","rootservice":"32","photo":"/assets/images/regrid.jpg"}]