{"uid":1,"nodes":[{"nid":1,"name":"abc","type":"Service","anim":false,"x":56.800006091594696,"y":230.8000060915947,"fields":{"in":[{"name":"in","value":"execution1"}],"out":[{"name":"out"}]}},{"nid":2,"name":"Aggregation","type":"Aggregation","anim":false,"x":56.800006091594696,"y":230.8000060915947,"fields":{"in":[{"name":"in0","value":""}],"out":[{"name":"out"}]}},{"nid":3,"name":"WriteFile","type":"WriteFile","anim":false,"x":56.800006091594696,"y":230.8000060915947,"fields":{"in":[{"name":"in0","value":""}],"out":[{"name":"out"}]}},{"nid":4,"name":"FileSink","type":"FileSink","anim":false,"x":716.0,"y":156.07,"fields":{"in":[{"name":"in0","value":""}],"out":[{"name":"out"}]}}],"connections":[{"id":5,"from_node":1,"from":"out","to_node":2,"to":"in0"},{"id":6,"from_node":2,"from":"out","to_node":3,"to":"in"},{"id":7,"from_node":3,"from":"out","to_node":4,"to":"in"}],"groups":[]}