{"nodes": [{"caption": 123, "root": true, "id": 123}, {"caption": 19, "type": "service", "id": 19}, {"caption": 18, "type": "service", "id": 18}, {"caption": 20, "type": "service", "id": 20}, {"caption": 1597, "type": "service", "id": 1597}, {"caption": 21, "type": "service", "id": 21}, {"caption": 13, "type": "service", "id": 13}, {"caption": 12, "type": "service", "id": 12}, {"caption": 16, "type": "service", "id": 16}, {"caption": 1595, "type": "service", "id": 1595}], "edges": [{"source": 123, "dist": 1, "target": 21, "caption": "Use 1 times"}, {"source": 123, "dist": 32, "target": 19, "caption": "Use 32 times"}, {"source": 123, "dist": 33, "target": 20, "caption": "Use 33 times"}, {"source": 123, "dist": 45, "target": 18, "caption": "Use 45 times"}, {"source": 123, "dist": 29, "target": 1597, "caption": "Use 29 times"}, {"source": 123, "dist": 11, "target": 16, "caption": "Use 11 times"}, {"source": 123, "dist": 8, "target": 1595, "caption": "Use 8 times"}, {"source": 123, "dist": 14, "target": 12, "caption": "Use 14 times"}, {"source": 123, "dist": 49, "target": 13, "caption": "Use 49 times"}]}